Menu,Meth,Ingre,Step,ImURL
ออส่วนกระทะร้อน,ผัด,"แป้งมันสำปะหลัง,แป้งข้าวเจ้า,หอยนางรมลวกสุก,ไข่เป็ด,พริกไทย,ถั่วงอกลวก,ต้นหอมซอย,ผักชี,พริกชี้ฟ้าซอย,น้ำจิ้มสุกี้",,
ไวไวผัดฉ่าหอยแมงภู่,ผัด,"บะหมี่กึ่งสำเร็จรูป,พริกขี้หนูกระเทียม,ข้าวโพดอ่อน,กระชาย,ใบมะกรูด,พริกชี้ฟ้า,กะเพรา",,
"ข้าวแกงเขียวหวานกุ้งทอด,",แกง,"กุ้งสด,พริกไทย,แป้งสำหรับทอด,เกล็ดขนมปัง,พริกแกงเขียวหวาน,น้ำตาลปี๊บ,กะทิ,มะเขือเปราะ,โหระพา,พริกชี้ฟ้า,ข้าวสวย",,
สปาเก็ตตี้เบคอนผัดพริกแห้ง,ผัด,"เส้นสปาเก็ตตี้,เบคอน,น้ำมันมะกอก,พริกแห้ง,กระเทียม,พริกไทย,ออริกาโน่,โหระพา",,
เส้นแก้วผัดสุกี้แห้ง,ผัด,"น้ำจิ้มสุกี้,เส้นแก้ว,กระเทียม,พริกไทย,หมูชิ้น,กุ้ง,ผักบุ้ง,แคร์รอต,ผักกาดขาว,ไข่ไก่,ต้นหอม,ขึ้นฉ่าย",,
เส้นเล็กผัดกะเพรา,ผัด,"พริก,กระเทียม,เส้นเล็ก,หมูสับ,กุ้งสด ,ใบกะเพรา,พริกชี้ฟ้า",,
ราดหน้า,ผัด,"ผักคะน้า,แคร์รอต,หมูหมัก,พริกไทย,แป้งมัน",,
ข้าวมันไก่ต้ม,ต้ม,"น่องไก่ติดสะโพก,ข้าวสวย,ใบเตย,กระเทียมสับ,รากผักชี,ขิง,พริกแดงจินดา,พริกขี้หนูสวน,กระเทียมดอง,น้ำกระเทียมดอง,เต้าเจียว,น้ำส้มสายชู,ซีอิ๊วดำหวาน,น้ำตาลปี๊บ",,
ข้าวมันไก่ทอด,ทอด,"สะโพกไก่เลาะกระดูก,รากผักชี,กระเทียม,พริกไทยขาวเม็ด,แป้งสาลีเอนกประสงค์,แป้งทอดกรอบ,ข้าวหอมมะลิ,ขิงฝาน,พริกไทยป่น,น้ำมันงา,รากผักชี,กระเทียมเจียว,น้ำซุปกระดูกไก่,ข้าวสวย",,
ก๋วยเตี๋ยวผัดผงกะหรี่,ผัด,"เส้นใหญ่,กุ้ง,กระเทียม,หอมหัวใหญ่,ต้นหอม,พริกระฆัง,ผงกะหรี่,น้ำพริกเผา,นมข้นจืด,ไข่ไก่
",,
ข้าวอบกุนเชียง,อบ,"ข้าวสวย,กุนเชียง,เห็ดหอม,แปะก๊วย,แคร์รอต,คะน้า,พริกไทยป่น,น้ำมันงา",,
เส้นหมี่ไก่ฉีกคั่วกระเทียมพริกไทย,คั่ว,"อกไก่,เส้นหมี่,กระเทียม,พริกไทย,รากผักชี",,
ต้มแซ่บผักกาดดอง,ต้ม,"รากผักชีกระเทียมพริกไทย,หมูสับ,ผักกาดดอง,พริกขี้หนู,พริกป่น,มะนาว,ซุปก้อน",,
ข้าวผัดแซลมอน,ผัด,"ข้าวสวย,แซลมอนสเต๊ก,ต้นหอมซอย,กระเทียม,แคร์รอต,โชยุ ,พริกไทยดำ,ไข่ไก่
",,
ข้าวผัดหมู,ผัด,"ข้าวสวย,กระเทียม,เนื้อหมู,ไข่ไก่,ซีอิ๊วดำ,มะเขือเทศ,หัวหอมใหญ่",,
ข้าวผัดไข่,ผัด,"ข้าวสวย,ไข่ไก่,ต้นหอม,พริกไทย",,
ข้าวหน้าหมูกระทะ,ผัด,"หมู,กะหล่ำปลี,แคร์รอต,ผักบุ้งจีน,ข้าวโพด,น้ำจิ้มหมูกระทะ,ข้าวสวย,ไข่แดง",,
ข้าวผัดน้ำพริกกะปิ,ผัด,"ข้าวสวย,น้ำพริกกะปิ,แครอท,กะหล่ำดอก,ผักคอส,กุ้งแห้ง,ไข่เค็ม,ปลาซาบะย่าง",,
ข้าวมันกุ้ง,หุง,"ข้าวสวย,กุ้งสด,หัวกุ้ง,เปลือกกุ้ง,กระเทียม,ขิง,รากผักชี,พริกไทยป่น,น้ำซุปไก่,น้ำจิ้มซีฟู้ด,ผักชี",,
ข้าวคลุกพริกเกลือ,ผัด,"ข้าวสวย ,กระเทียม,พริกขี้หนู,มะนาวถ้วย,น้ำตาลปี๊บ,กุ้งขาว,ปลาหมึก,ปลากะพง,กระเทียมเจียว,ผักชี",,
สปาเก็ตตี้ซอสมะเขือเทศหมู,ผัด,"เส้นสปาเก็ตตี้,หมูบด,มะเขือเทศ,หอมหัวใหญ่,ใบโหระพา,ซอสมะเขือเทศ,เครื่องเทศอิตาเลียน,เนยเค็ม",,
ข้าวอบเบคอน,อบ,"ข้าวสวย,เบคอน ,กระเทียมสับ,พริกไทย,ผักสามสีต้ม,ต้นหอมซอย",,
ข้าวไข่ข้นกิมจิเบคอนกรอบ,ทอด,"เบคอน,ไข่,ต้นหอม,กิมจิ ,ข้าวสวย,โคชูจัง",,
มักกะโรนี,ผัด,"มักกะโรนี,ซอสมะเขือเทศ,น้ำตาล,ซอสพริก,ผักชี,ไข่ไก่",,
ผัดมาม่าคอหมูย่างไข่ดาว,ผัด,"คอหมู,ไข่เป็ด,พริกจินดา,แคร์รอต,กระเทียม,กะหล่ำปลี,บะหมี่กึ่งสำเร็จรูป,ผงหมักย่าง,ผงปรุงบะหมี่กึ่งสำเร็จรูป,น้ำมันพริกเผาบะหมี่กึ่งสำเร็จรูป",,
ซุปไก่,ต้ม,"ปีกไก่กลาง,มะเขือเทศ,โกจิเบอรี่,ผักชี,หัวหอมใหญ่,พริกไทยบด,น้ำซุป",,
ไก่ต้มน้ำปลา,ต้ม,"ไก่,รากผักชี",,
เกี๊ยวทอดต้มยำหมูสับ,ทอด,"หมูสับ,แป้งเกี๊ยว,มะนาว,พริกเผา,คะน้า,รากผักชี,ซุปก้อน",,
ข้าวอบต้มยำทะเล,อบ,"ข้าวสวย,พริกเผา,กะทิ,กุ้งขาว,หมึกกล้วย,ปลากะพง,ใบมะกรูด,ตะไคร้,ข่า,พริกจินดาแดง,ใบมะกรูด,มะนาว,ผักชี",,
ปลาหมึกผัดพริกแกงราดข้าว,ผัด,"ข้าวสวย,ปลาหมึก,พริกแกง,ถั่วฝักยาว,พริกแดง,โหระพา,ใบมะกรูด",,
ข้าวผัดโชยุไข่เยิ้ม,ผัด,"โชยุ,ข้าวสวย,หอมใหญ่สับ,กระเทียม,ไข่ไก่,นมสด,เนยจืด,พาร์สลีย์",,
ข้าวอบแซลมอน,อบ,"แซลมอน,ข้าวสวย,โชยุ,ผงดาชิ,มิริน,เห็ดหอม,เห็มชิเมจิ,พริกไทย,ต้นหอมซอย",,
สปาเกตตีเบคอนกะเพรา,ผัด,"เส้นสปาเกตตี,พริก,น้ำมันมะกอก,เบคอน,ใบกะเพรา,กระเทียม",,
ข้าวหมูกรอบ,ทอด,"หมูสามชั้น,น้ำส้มสายชู,น้ำมันงา,กระเทียม,หอมแดง,รากผักชี,เต้าเจี้ยว,ซีอิ๊วดำ,น้ำซุป,นมสด,แป้งมัน,งาขาว",,
ข้าวผัดปลาหมึกไข่เค็ม,ผัด,"ข้าวสวย,ไข่แดงเค็ม,น้ำพริกเผา,กระเทียม,หอมใหญ่,หมึกกล้วย,ต้นหอม,ผักเคียง",,
ข้าวหน้าหมูญี่ปุ่น,ผัด,"เนื้อหมู,ซอสญี่ปุ่น,มิริน,งาขาว",,
ไก่กรอบซอสน้ำปลา,ทอด,"ติดน่องสะโพกไก่,แป้งสำหรับทอด,ข้าวสวย,น้ำตาลมะพร้าว",,
หมูสามชั้นทอดกระเทียม,ทอด,"หมูสามชั้น,แป้งสำหรับทอด,พริกไทย,กระเทียม,ผักชี,พริกจินดาแดง,มะนาว",,
ข้าวผัดเบคอนกุ้งบะหมี่กึ่งต้มยำ,ผัด,"บะหมี่กึ่งสำเร็จรูป ,ผงปรุงรสบะหมี่กึ่งสำเร็จรูป,น้ำพริกเผาบะหมี่กึ่งสำเร็จรูป,ข้าวสวย,เบคอน,กุ้ง,ไข่ไก่,ผักชี",,
สุกี้แห้งหมู,ผัด,"หมู,น้ำมันงา,แป้งข้าวโพด,พริกไทยขาวป่น,น้ำจิ้มสุกี้,แครอท,ขึ้นฉ่าย,ผักกาดขาว,ไข่ไก่,วุ้นเส้น,กระเทียม,น้ำมันรำข้าว,ชิกูวะ",,
ข้าวผัดไทย,ผัด,"ข้าวสวย,มันหมูแข็ง,เต้าหู้เนื้อแข็ง,กุ้ง,ไข่ไก่,กระเทียม,หอมแดง,หัวไชโป๊,น้ำมะขามเปียก,น้ำพริกเผา,กุยช่าย,ใบบัวบก,หัวปลี,มะนาว",,
กะเพราเนื้อวากิว,ผัด,"เนื้อวากิว,พริกจินดาแดง,กระเทียม,ใบกะเพรา,ข้าวสวย,พริกไทย,ไข่ไก่",,
ข้าวผัดไส้กรอกเบคอน,ผัด,"เบคอน,ไส้กรอก,ไข่ไก่,ข้าวสวย,ผักสามสี,, ข้าวโพด),พริกไทยดำ,ต้นหอม",,
ข้าวเหนียวผัดกะเพราเนื้อนิวซีแลนด์,ผัด,"เนื้อบดนิวซีแลนด์,ข้าวเหนียว,พริกขี้หนูสวน,กระเทียม,น้ำซุป,ซีอิ๊วดำ,ไข่เป็ด,น้ำมันปาล์ม,น้ำมันคาโนล่า",,
ข้าวหมกไก่,หุง,"ผงขมิ้นอินเดีย,พริกอินเดียป่น,เนื้อไก่,โยเกิร์ต,เพสขิงกระเทียม,หอมเจียว,เนื้อมะเขือเทศ,กระวานเขียว,กานพลู,พริกไทยดำเม็ด,ใบเบย์,ข้าวสวย,กี,มันฝรั่ง,หอมใหญ่,ชินนามอนแท่ง,ไข่ต้ม,ใบสะระแหน่,หญ้าฝรั่ง",,
คะน้าปลากระป๋อง,ผัด,"คะน้า,ปลากระป๋อง,กระเทียมไทยปอก,พริกจินดาแดง,เกลือ",ปอกก้านคะน้าเพื่อเอาเสี้ยนออกให้หมดใส่เกลือพอคะน้าเปลี่ยนเป็นสีเขียวเข้มแล้วตั้งกระทะใส่น้ำมัน|นำพริกกระเทียมที่โขลกลงไปผัดน้ำปลาแล้วตักใส่จานเคียงข้าวสวยร้อน ๆ,https://img.wongnai.com/p/400x0/2022/01/04/09355facefb448f9bf25bcb3ef03426f.jpg
ข้าวผัดแหนมทอด,ผัด,"หมูสามชั้นสไลด์,ข้าวเหนียว,กระเทียม,แป้งทอดกรอบ,ข้าวสวย,กระเทียม,พริกจินดา,เนย,พริกไทย,ไข่ไก่",หั่นหมูสามชั้นสไลด์เป็นชิ้นขนาดซมกระเทียมสับหยาบไล่ลมออกวางไว้ในอุณหภูมิห้องวันกันลืม|นำแหนมออกมาเขย่าเอาแต่เนื้อหมูกระเทียมติดนิดหน่อยโรยแป้งทอดกรอบให้แป้งเคลือบหมูทั่วๆ|ตั้งกระทะพอน้ำมันร้อนคนๆให้สัมผัสน้ำมันทั่วๆเร่งไฟเต๊าะไข่แค่พอสุก|เติมข้าวสวยหอมมะลิที่พึ่งตักออกจากหม้อเพิ่มความหอมเติมพริกจินดาซอย(แค่ช้อนโต๊ะก็พอกินเล่น) เนยลงผัด,https://img.wongnai.com/p/400x0/2025/02/13/a2b4ea897dd045a2a696fd5a53e23257.jpg
บะหมี่หมูแดง,ลวก,"รากผักชี,กระเทียม,พริกไทย,,น่องไก่,ต้นหอม,ผักชี,กระเทียมเจียว,กวางตุ้ง",ตั้งหม้อไฟกลางรากผักชีพริกไทย|รอจนน้ำเดือดใส่ผงปรุงรสช้อนฟองออกให้ซุปใสด้วยนะคะและล้างน้ำนำเส้นไปลวกความสุกตามชอบ|ตักขึ้นใส่กระเทียมเจียวและน้ำมันพืช|วางผักและเนื้อสัตว์ ราดน้ำซุป|พร้อมทาน|หรือจะทานแบบแห้งนำน้ำซอสข้าวหมูแดงมาราดบะหมี่,https://img.wongnai.com/p/400x0/2025/01/29/e8a75c47c6c24bbda63e22ec8ae74825.jpg
ข้าวขยำกุ้ง,คลุก,"ข้าวหอมผสม,กุ้ง,ปลาสลิดแดดเดียว,มะม่วง,ต้นหอม,ผักชีซอย,มะนาว,กระเทียม,หอมแดง,พริกจินดาแดงซอย",นำข้าวหอมผสมมาซาวด้วยน้ำสะอาด|รินน้ำออกแล้วเติมน้ำสะอาด30แล้วปิดฝาพักไว้เพื่อให้ข้าวเซตตัวเรียงสวยและไม่ร้อนจนเกินไป|ตั้งน้ำมันไฟกลางค่อนแรงๆจากนั้นใส่กุ้งลงไปต้มจนสุกแล้วนำขึ้นพักไว้|นำกระเทียมซอยพริกจินดาแดงซอยใส่ถ้วยน้ำมะนาวและน้ำตาลเทใส่ถ้วยเล็ก|นำ ข้าวหอมผสมที่หุงเตรียมไว้กระเทียมซอยหอมแดงซอยพริกดาเขียวซอยต้มหอมซอยปลาสลิดฉีกกุ้งต้มและปลาสลิดทอด,https://img.wongnai.com/p/800x0/2019/12/06/7a8017ac45fe40a39199610193c00c7a.jpg
ข้าวหมูแดง,อบ,"รากผักชี,กระเทียม,พริกไทย,นมจืด,น้ำผึ้ง,น้ำตาลปี๊บ,ซีอิ๊วดำ,สีผสมอาหารสีแดง,แป้งมัน",นำให้มากรองให้เรียบร้อย|จะได้ซอสแบบนี้|จากนั้นนำไฟตั้งไฟกลางแบ่งน้ำซอสส่วนนึงไปผสมแป้งมันจนข้นและหนืดขึ้นหมูกรอบ|สำหรับน้ำจิ้มซีอิ๊วดำซีอิ๊วดำเราเติมน้ำตาลไปนิดนึง,https://img.wongnai.com/p/400x0/2025/01/29/c0035d10adef40dd926eae3514b07528.jpg
ข้าวหมกไก่ทอด,ทอด,"ข้าวสวย,อบเชย,กานพลูบ,ลูกผักชี,ใบกระวาน,ยี่หร่า,ผงขมิ้น,เนยสดรสจืด,ลูกกระวาน,หญ้าฝรั่น,ขิง,หอมแดง,รากผักชี,Tysonไก่ทอดกรอบสูตรคลาสสิก,ใบสะระแหน่,พริกชีฟ้า,กระเทียม,หอมแดง,น้ำเชื่อม,น้ำส้มสายชู",ตำรากผักชีหอมแดงให้ละเอียดเข้ากันแล้วพักไว้|จากนั้นซอยหอมแดงและเจียวหอมแดงให้เหลืองสวยด้วยไฟเบาจนมีกลิ่นหอมอบเชยป่นลูกผักชีบดยี่หร่าบดผงขมิ้นผัดให้เข้ากันจากนั้นเต็มเนยสดลงไป|เมื่อส่วนผสมเข้ากันดีเติมน้ำสะอาดและคนในเข้ากัน(ถ้าแห้งสามารถเติมน้ำได้)พริกชี้ฟ้าเขียวให้ละเอียดเข้ากันปรุงรสด้วยน้ำส้มสายชูและเกลือตักใส่ถ้วยพักไว้ไก่ทอดกรอบสูตรคลาสสิก20017-19จนเหลืองกรอบ จากนั้นเสิร์ฟคู่กับข้าวและน้ำจิ้มที่ทำเตรียมไว้ก็เสร็จเรียบร้อย,https://img.wongnai.com/p/800x0/2021/11/05/03c0f32c0a2f47f38c72e453c6c8c499.jpg
กะเพราถั่วฝักยาว,ผัด,"ถั่วฝักยาว,กระเทียมไทย ,พริกขี้หนูสวน,พริกจินดาแดง,ใบกะเพรา,ไข่เป็ด",ตั้งน้ำสะอาดให้เดือดจัดแล้วใส่เกลือลงไปเมื่อสีของถั่วเริ่มเข้มขึ้นเพื่อให้ยังคงความสดกรอบ|ตั้งกระทะให้ร้อนใส่น้ำมันแล้วตักขึ้นพักไว้|จากนั้นโขลกกระเทียมรินน้ำมันออกให้เหลือติดก้นกระทะเล็กน้อยปรุงรสด้วยน้ำมันหอยและน้ำตาล |ผัดไฟแรงให้ทุกอย่างเข้ากันดีเสิร์ฟเคียงไข่เป็ดดาวเยิ้ม ๆ,https://img.wongnai.com/p/1600x0/2021/10/19/d1a79f7e27d5480398a3aded78b397ca.jpg
กะเพราหอยแมลงภู่,ผัด,"หอยแมลงภู่แกะ,พริกจินดาแดง,พริกขี้หนูสวน ,ดอกกะเพรา,กระเทียม,ใบกะเพราแดง,ใบกะเพราขาว",เด็ดใบกะเพราเริ่มจากโขลกกระเทียมให้พอแหลกและพริกขี้หนูนำเครื่องที่โขลกไว้ลงผัดให้สุกเหลือง|จากนั้นใส่หอยแลงภู่ตามลงไปน้ำปลาปิดท้ายด้วยใบกะเพรา|จากนั้นเทใส่จานที่เตรียมไว้และไข่ดาว,https://img.wongnai.com/p/1600x0/2021/09/30/324544a50f64456585bbaefbf818cc31.jpg
ข้าวผัดปลาสลิด,ผัด,"ปลาสลิดตัว,ข้าวสวย,หอมแดง,กระเทียม,พริกขี้หนู,มะนาว,ผักชี,แตงกวา",นำมาปลาสลิดมาเลาะเอาแต่เนื้อโดยการกรีดตรงเนื้อส่วนด้านข้างครีบและส่วนหางเลาะนำเนื้อออกทั้งสองข้างนำเนื้อปลาสลิดที่แบ่งไว้ลงมาผัดด้วย|จัดเสิร์ฟโดยวางปลาสลิดทอดกรอบไว้ด้านบนหอมแดงซอยพริกขี้หนูซอย ใบผักชีและแตงกวา,https://img.wongnai.com/p/400x0/2021/08/05/cc64a2709e4b48fc9f17355c08cfd948.jpg
ไข่ระเบิด,ทอด,"ไข่ไก่,หมูสับ,กุ้งสด,กระเทียม,หัวหอมใหญ่,ผักสามสี,ข้าวโพดอ่อน,ต้นหอม,ซอสมะเขือเทศ,ซอสพริก,เนยสดรสจืด",หั่นหอมใหญ่เป็นทรงลูกเต๋าและซอยต้นหอมพักไว้|หั่นเนื้อกุ้งเป็นชิ้นพักไว้|ตั้งกระทะให้ร้อนใช้ตะหลิวตักน้ำมันราดบนไข่ดาวเพื่อช่วยให้สุกเร็วขึ้นตักขึ้นพักไว้เพื่อสะเด็ดน้ำมัน|ผัดหัวหอมจากนั้นใส่หมูสับลงไปผัดจากนั้นใส่ซอสพริกและซอสมะเขือเทศลงไปเคี่ยวให้เข้ากัน|ปิดไฟแล้วใส่ต้นหอมซอยและเนยเพื่อเพิ่มความหอม|ตักราดบนข้าวและไข่ดาวที่เตรียมไว้ ตกแต่งเพิ่มด้วยต้นหอมซอยตามชอบ,https://img.wongnai.com/p/400x0/2021/06/21/6642e3cb739d4fddacc10836e0eeb348.jpg
ข้าวผัดกากหมู,ผัด,"หมูสามชั้นติดมัน,ข้าวสวย,ไข่ไก่,กระเทียม,หอมแดง,มะนาว,พริกขี้หนู,ต้นหอม,ผักชี,แตงกวา",นำหมูสามชั้นที่หั่นไว้ลงรวนกับน้ำเปล่าในกระทะจนสุก|ปรุงรสด้วยเกลือและเจียวไฟเบาไปเรื่อยๆจนกากหมูเหลืองกรอบ|ช้อนขึ้นพักไว้เพื่อสะเด็ดน้ำมันพอไข่เริ่มสุกใส่ข้าวลงไปคลุก|ปรุงรสด้วยซีอิ๊วขาวและน้ำตาลให้กลมกล่อม|ใส่กากหมูลงไปผัดให้เข้ากันกระเทียมเป็นอันเสร็จพร้อมตั้งโต๊ะ,https://img.wongnai.com/p/400x0/2021/05/15/95f75e51fc0d4fa580291f7293d6b7cb.jpg
ข้าวผัดน้ำพริกเผากุ้ง,ผัด,"ข้าวสวย,น้ำพริกเผา,พริกจินดา,กระเทียม,กุ้ง,ไข่เค็ม,หอมเจียวทอด",คลุกข้าวสวยกับน้ำพริกเผาพริกจินดาปอกเปลือกเหลืองสวย ตักขึ้นพักไว้|ใช้น้ำมันที่ทอดกุ้งผัดกระเทียมสับให้หอม|นำข้าวที่คลุกแล้วลงผัดให้ร้อน|เสร็จพร้อมเสริฟ,https://img.wongnai.com/p/400x0/2025/01/01/3849b934ecef457f84e836b8100a46b5.jpg
โคตรเกี๊ยวหมูสับต้มยำแห้ง,ลวก,"แผ่นเกี๊ยว,หมูสับ,น้ำพริกเผา,ไข่ไก่,ต้นหอม,แป้งข้าวโพด,หมูสับ,มะนาว,นมสด,ถั่วลิสงบด,กระเทียมเจียว,ต้นหอมผักชี,แผ่นเกี๊ยวทอด,พริกป่น",ผสมส่วนผสมทุกอย่างเข้าด้วยกันพักไว้|รวนหมูสับกับน้ำเปล่าจนสุก|ปรุงรสด้วยน้ำปลามะนาวพริกป่นถั่วบดผักซอย,https://img.wongnai.com/p/400x0/2021/03/01/ac593d7380dc48aca15f9792d160c6c1.jpg
ผัดกะเพราหมูสับ,ผัด,"หมูสับ,ใบกะเพรา,ไข่ไก่,พริก,กระเทียม",ก่อนจะทำกะเพราหมูสับก็ต้องทอดไข่ดาวเอาไว้ก่อนค่อยตอกไข่ไก่ลงไปทอดจนไข่ดาวกรอบถ้าหากเนื้อหมูแห้งปิดไฟยกลง|ตักข้าวสวยร้อนใส่จานราดด้วยหมูสับผัดกะเพราหมูสับๆเพียงเท่านี้เราก็ได้เมนูผัดกะเพรารสเด็ดที่เราทำเองแล้ว,https://img.wongnai.com/p/800x0/2023/05/19/7540cdef80d744ebb037c8a24e9716b6.jpg
ไก่ย่างซอสน้ำส้มสายชู,ย่าง,"อกไก่,น้ำส้มสายชู,น้ำผึ้ง,กระเทียม,ดิจองมัสตาร์ด,พริกไทยดำ,โรสแมรี,ใบไทม์,มันฝรั่ง,แครอท,หน่อไม้ฝรั่ง,เห็ดแชมปิญอง,น้ำเชื่อม,บีรูท,หัวไชเท้า",ผสมคิวพีน้ำเชื่อมคนให้เข้ากัน|ใส่บีทรูทและหัวไชเท้าหั่นเต๋าแล้วดองทิ้งไว้ในตู้เย็น2คิวพีน้ำผึ้งดิจองมัสตาร์ดพริกไทยดำและใบไทม์ทิ้งไว้นาทีทิ้งไว้นาที|หลังจากนั้นนำไก่200ประมาณนาทีนำออกจาเตาอบ|ตักไก่ตกแต่งให้สวยงามแค่นี้ก็เรียบร้อย,https://img.wongnai.com/p/800x0/2020/08/03/adbc27c638484e5eafdd420e93934a1f.jpg
สปาเกตตีปลาหมึกผัดไข่เค็ม,ผัด,"ซอสพริก,เส้นสปาเกตตี,ไข่แดงเค็ม,น้ำพริกเผา,กระเทียมสับ,ปลาหมึก,ขึ้นฉ่าย,หอมหัวใหญ่,พริกแดง",ตั้งน้ำให้เดือดจากนั้นนำเส้นสปาเกตตีลงลวก6จากนั้นใส่น้ำมันเล็กน้อยเพื่อไม่ให้เส้นจับตัวเป็นก้อน |นำไข่แดงเค็มซอสหอยนางรมน้ำตาลจากนั้นนำกระเทียมตามด้วยเส้นสปาเกตตีตราเมดบายต๊อดใส่ขึ้นฉ่ายจัดจานเสิร์ฟขึ้นโต๊ะได้เลย,https://img.wongnai.com/p/800x0/2020/07/19/6b9a4af279994bf98662e94d977d467c.jpg
ข้าวไข่ข้นเบคอนไมโครเวฟ,ไมโครเวฟ,"เบคอน,น้ำเชื่อมแท้,ไข่ซีพี,นมเมจิ,ข้าวสวย,พริก",หั่นเบคอนขนาดพอดีคำ8005ให้สุกหอมตามด้วยนมตรามิตรผลคนให้เข้ากันจากนั้นนำไข่ที่เตรียมไว้เทลงบนจานครึ่งหนึ่งและนำเข้าไมโครเวฟวัตต์22แล้วเทไข่ที่เหลือลงไปในจานให้ท่วมไข่ที่สุกแล้ว600เป็นเวลานาที|ใส่เบคอน600เป็นเวลานาที|ตักไข่ข้นเบคอนโปะบนข้าวพร้อมจัดเสิร์ฟ,https://img.wongnai.com/p/800x0/2020/04/15/6f7a85b10ab94e0d9427a98c2955b71e.jpg
หมูสามชั้นรวนเค็ม,รวน,หมูสามชั้น,ตั้งกระทะใส่น้ำลงไปใส่หมูสามชั้มลงไปต้ม|เมื่อน้ำเดือดดี จึงใส่เกลือลงไป|รวนจนน้ำเกือบแห้ง|ตักใส่ชามพร้อมทานแล้ว,https://img.wongnai.com/p/400x0/2025/01/02/b820c7d4ab39458c9dc7c30eef087e6c.jpg
ข้าวผัดปลาทอดกระเทียม,ผัด,"ปลากะพง,แป้งข้าวโพด,กระเทียมสับ,ไข่ไก่,ข้าวสวย,แครอท,ต้นหอม,ผักชี,พริกไทย",โขลกกระเทียมเตรียมไว้|ตั้งกระทะ(Bellaแล้วนำปลาลงทอดให้กรอบกระทะ(Bellaผัดให้หอม|ใส่ไข่และแครอทหั่นเต๋าน้ำตาลผัดให้เข้ากัน|ใส่ต้นหอมซอยลดเป็นไฟอ่อนเจียวให้กรอบตักขึ้นพักไว้|ตักข้าวผัดใส่จานตกแต่งด้วยผักชีแค่นี้ก็พร้อมเสิร์ฟ,https://img.wongnai.com/p/800x0/2020/04/03/5f4b73385ca8407385257e07c2159555.jpg
ข้าวไข่ข้นหน้ายำปลากระป๋อง,ทอด,"ปลากระป๋อง,ตะไคร้,หอมแดง,พริกขี้หนู,มะนาว,ผักชี,ใบสะระแหน่,ไข่,นมข้นจืด,ข้าวสวย",ซอยตะไคร้พริกขี้หนูเตรียมไว้|ผสมปลากระป๋องกับตะไคร้พริกขี้หนูปรุงรสด้วยมะนาวคลุกเคล้าให้เข้ากันอีกครั้งใส่นมข้นจืดรอให้น้ำมันร้อนใส่ไข่ลงไปแล้วนำไปเทราดบนข้าว|ราดยำปลากระป๋องใส่บนไข่ข้นพร้อมจัดเสิร์ฟ,https://img.wongnai.com/p/1600x0/2020/03/26/774e4d3f372a4294a2d5d97b4234cddd.jpg
ไข่เจียวหมูสับผักสามสี,ทอด,"ไข่ไก่,หมูสับ,ผักสามสี",นำส่วนผสมทั้งหมดยกเว้นน้ำมันพืชใส่ภาชนะตามด้วยน้ำมันพืชเทไข่ลงไป|ทอดให้เหลืองกรอบตามชอบ|พร้อมทาน ,https://img.wongnai.com/p/400x0/2024/12/29/92d2d06da86f47dba51b841ebda7b3f1.jpg
ปลาดุกทอดผัดพริกแกง,ทอด,"ปลาดุก,ใบกะเพรา,พริกแกง,กระชาย,พริกไทย,ใบมะกรูด,พริกชี้ฟ้า",เด็ดใบกะเพรารอให้น้ำมันร้อนแล้วตักขึ้นทันที|ใช้กระทะใบเดิมรอให้น้ำมันร้อนตักขึ้นพักไว้|ใช้กระทะใบเดิมใส่เครื่องแกงผัดให้หอม|ปรุงรสด้วยน้ำปลาซอสหอยนางรมคลุกเคล้าให้เข้ากัน|โรยใบมะกรูดและพริกชี้ฟ้าแดงแล้วยกออกจากเตา|ตักใส่จานพร้อมจัดเสิร์ฟคู่ข้าวสวยร้อน ๆ,https://img.wongnai.com/p/400x0/2020/02/21/46f486b8e6714071880fb2e942186133.jpg
วุ้นเส้นผัดหมู,ผัด,"วุ้นเส้น,เนื้อหมู,กระเทียม,หอมใหญ่,ไข่,กะหล่ำปลี,มะเขือเทศ,ต้นหอม,ขึ้นฉ่าย,พริกไทย",นำวุ้นเส้นแช่น้ำทิ้งไว้นาที|โขลกกระเทียมให้ละเอียดใส่กระเทียมผัดให้หอมหลังจากนั้นใส่เนื้อหมูผัดให้ไข่สุกเล็กน้อยมะเขือเทศน้ำตาลคลุกเคล้าให้เข้ากัน|โรยด้วยขึ้นฉ่ายและพริกไทยยกออกจากเตา|ตักใส่จาน พร้อมจัดเสิร์ฟ,https://img.wongnai.com/p/1600x0/2020/02/24/83ce60325eee4ca188dcd882219a83ef.jpg
หมูคลุกกะปิ,คลุก,"หมู,กระเทียม,พริกขี้หนู,ตะไคร้ซอย,กะปิ,น้ำตาลปี๊บ,ใบมะกรูด,พริกชี้ฟ้า",ละลายกะปิกับน้ำเปล่าเตรียมไว้|โขลกพริกเตรียมไว้|ตั้งกระทะใส่น้ำมันใส่พริกและกระเทียมที่โขลกเตรียมไว้ผัดให้หอม|ใส่เนื้อหมูตามลงไปปรุงรสด้วยกะปิที่ละลายไว้พริกชี้ฟ้ายกออกจากเตา|ตักใส่จานแล้วจัดเสิร์ฟคู่ข้าวสวยร้อน ๆ,https://img.wongnai.com/p/400x0/2020/01/27/884403b9f4f647e4b8e5b2e981531d00.jpg
ผัดมาม่าเบคอนพริกแห้ง,ผัด,"เบคอน,บะหมี่กึ่งสำเร็จรูป,หอมใหญ่,กระเทียม,พริกแห้ง,ใบโหระพา",ตั้งหม้อใส่น้ำรอให้น้ำเดือดลวกจนเส้นสุกทอดจนกรอบตักขึ้นพักไว้|ใช้กระทะเดิมผัดจนเบคอนสุกหอมใหญ่สับจากนั้นปรุงรสด้วยซอสหอยนางรมและเกลือผัดให้เข้ากัน|ใส่พริกแห้งคลุกเคล้าให้เข้ากันอีกครั้งตกแต่งด้วยเบคอนแผ่นกรอบและใบโหระพา“ผัดมาม่าเบคอนพริกแห้ง” ,https://img.wongnai.com/p/400x0/2020/01/26/ed4e94c9969d4500869633df2ed239aa.jpg
ขนมจีนผัดฉ่า,ผัด,"ขนมจีน,กระเทียม,พริกขี้หนู ,กุ้ง,ปลาหมึก,กระชาย,พริกไทยอ่อน,พริกชี้ฟ้าแดง,โหระพา,ใบมะกรูด",นำเส้นขนมจีนยีเตรียมไว้|โขลกกระเทียมเตรียมไว้รอให้น้ำมันร้อนใส่กระเทียมและพริกที่ตำไว้ตามด้วยกุ้งและปลาหมึก|หลังจากนั้นใส่กระชายปรุงรสด้วยซอสหอยนางรมน้ำปลาแล้วใส่พริกไทยอ่อนโหระพาคลุกเคล้าให้เข้ากันอีกครั้งแล้วยกออกจากเตา|ตกแต่งด้วยยอดใบโหระพาพร้อมจัดเสิร์ฟ,https://img.wongnai.com/p/1600x0/2020/01/24/1c0c140debaf4ca9aa3ce9bb7b44b9dc.jpg
ข้าวไข่ขยี้,ผัด,"ไข่ไก่,พริกขี้หนู,กระเทียม,ต้นหอม,ผักชี",ตอกไข่เตรียมไว้ในชามใส่น้ำมันกระเทียมลงไปผัดจนหอมคั่วจนไข่เริ่มแห้ง|ปรุงรสด้วยและน้ำปลาตกแต่งด้วยผักชีพร้อมเสิร์ฟ!,https://img.wongnai.com/p/400x0/2020/01/21/c09e55fd7cd7425889eab617d7537393.jpg
กะเพราหมูสับไข่เยี่ยวม้า,ผัด,"หมูสับ,ไข่เยี่ยวม้า,แป้งทอดกรอบ,ใบกะเพรา,พริกขี้หนูสวน,พริกแห้ง,กระเทียม,พริกไทยดำ",นำไข่เยี่ยวมาหั่นชิ้น ขนาดตามชอบ ชุบแป้งทอดกรอบให้ทั่ว|ทอดให้กรอบดี|ตักขึ้นพักสะเด็ดน้ำมัน|นำพริกกระเทียมพริกไทยดำที่ตำละเอียด มาผัดกับน้ำมันให้สุกหอม ตามด้วยหมูสับผัดให้สุกดี|ปรุงรส และชิมรสชาติ (ใครจะไม่ใส่ซีอิ้วดำหวานก็ได้ครับ แล้วแต่ความชอบ)|ใส่กะเพรา|ผัดให้กะเพราเข้ากันดีก่อน แล้วจึงใส่ไข่เยี่ยวม้ากรอบ|ผัดให้พอเข้ากัน ปิดเตา ตักใส่จานแค่นี้ก็พร้อมทาน,https://img.wongnai.com/p/400x0/2021/11/10/acb6bcd7045e4d1b88bb561dbc73e6c9.jpg
กะเพราเครื่องในไก่,ผัด,"ไก่,เครื่องในไก่,พริก,กระเทียม,คนอร์,ใบกะเพรา,พริกไทย",ลวกเครื่องในไก่|ใส่กึ๋นไก่ลวกก่อน ตามด้วยหัวใจ ท้ายสุดใส่ตับ|เทน้ำทิ้ง ใส่น้ำมันผัดพริกกระเทียมจนหอม|ใส่เนื้อผัดจนสุก เติม ซีอิ้วขาว ซอสปรุงรส คนอร์อร่อยชัว น้ำตาลทราย|เติมน้ำป่าวเล็กน้อย จึงเติมน้ำมันหอย คลุกให้เข้ากัน | ใส่น้ำมันหอยอย่างสุดท้าย ได้ไม่เหนียว|ใส่ใบกะเพรา คลุกเคล้าให้เข้ากัน|ก่อนเสริฟ โรยพริกไทยเล็กน้อย,https://img.wongnai.com/p/400x0/2019/03/13/8717c89f18804ff085ba0e6cb36615ee.jpg
กะเพราตับหมู,ผัด,"ตับหมู,ใบกระเพรา,กระเทียบ,พริกขี้หนู,พริกไทย",ขั้นตอนการเตรียมวัตถุดิบ นำตับหมูหั่นชิ้นหนา 1/2 นิ้ว มาล้างน้ำสะอาด เทน้ำทิ้ง ต่อด้วยนำน้ำส้มสายชูมาแช่กับตับใส่เกลือเล็กน้อย ประมาน5 นาที แล้วล้างออกด้วยน้ำสะอาด หลังจากนั้นนำแป้งมันประมาน 2ช้อนโต๊ะ มาคลุกเคล้ากับตับ ทิ้งไว้ 15 นาที ล้างออกด้วยน้ำสะอาดหลายๆครั้ง ขั้นตอนนี้จะทำให้ตับไม่มีกลิ่นคาวและ ทำให้ตับมีความนุ่ม ต่อด้วยน้ำร้อนเดือดมาลวกตับใส่น้ำร้อนท่วมตับ แล้วเอาช้อนคนให้ตับสุกประมาน 2นาที จะได้ตับที่เกือบสุก แล้วเอาน้ำออก แช่น้ำเย็นทำให้ตับนุ่มเด้ง เทน้ำออกอีกครั้งให้สะเด็ดน้ำ เพื่อนำไปผัด|ตั้งกระทะใส่น้ำมันกระเทียมสับและพริกที่ทุบแล้ว ผัดจนกระเทียมกับพริกหอม ใส่ตับหมูลงผัด ใส่น้ำมันหอย ซอสฝาเขียว น้ำตาลทราย แล้วผัดให้เข้ากัน ใส่ใบกระเพรา ผัดอีกนิดเดียว ตักขึ้นใส่จาน,https://img.wongnai.com/p/1968x0/2023/05/28/b1aa459ff7684f6fb2109e02c5c5e17f.jpg
กะเพราปีกไก่,ผัด,,,
กะเพราไก่,ผัด,,,
กะเพราหมูตุ๋น,ผัด,,,
กะเพราหมู,ผัด,,,
กะเพราอกไก่,ผัด,,,
กะเพราหมูกรอบ,ผัด,,,
กะเพราหมึก,ผัด,,,
กะเพรากุ้ง,ผัด,,,
กะเพราทะเล,ผัด,,,
กะเพราวุ้นเส้นหมูสับ,ผัด,,,
กะเพราปลาดอลลี่ทอด,ทอด,,,
ข้าวอบสามสหาย,อบ,"ข้าวสวย,กุ้งขาว,แฮม,กุนเชียง,ผักรวม,พริกชี้ฟ้าแดง",ซาว ข้าว เตรียมไว้ สำหรับผัด|ตั้งกระทะ ใส่น้ำมันเล็กน้อย ใส่กุ้ง แฮม กุนเชียง และผักรวมแช่แข็งลงไปผัดให้กุ้งพอสุก|ปรุงรสด้วย ซอสหอยนางรม ซีอิ๊วขาว และพริกไทย|ใส่ ข้าวที่ซาวแล้วลงไป ผัดให้เครื่องปรุงเคลือบข้าว|ตักข้าวที่ผัดกับเครื่องไว้ใส่ลงในหม้อหุงข้าว|เติมน้ำลงไปให้สูงกว่าระดับข้าวครึ่งข้อนิ้ว ปิดฝาแล้วกดหุง รอจนข้าวสุก,https://img.wongnai.com/p/800x0/2019/10/15/e5d8a432afc44718b70564570e1f8909.jpg
ข้าวกากหมูน้ำปลาพริก,คลุก,"กากหมู,พริกขี้หนู,กระเทียม,หอมแดง,มะนาว",นำกากหมูมาใส่ในกระทะเปิดไฟแรง จากนั้นเติมน้ำสะอาด แล้วต้มให้น้ำระเหยหมด|คอยคนอย่างสม่ำเสมอเพื่อป้องกันการไหม้ติดกระทะ |เมื่อน้ำระเหยหมด ปรับเป็นไฟอ่อน หมั่นคนอย่างสม่ำเสมอ จนได้สีเหลืองทอง|เมื่อได้สีที่ต้องการ ตักขึ้นสะเด็ดน้ำมัน |ซอยหอมแดง พริกขี้หนู กระเทียม เป็นชิ้นแล้วใส่ถ้วยเติมน้ำปลาและน้ำมะนาว คนให้เข้ากัน|ตักราดบนกากหมูได้ตามต้องการ ,https://img.wongnai.com/p/800x0/2019/12/15/3a1b96ab760b46af998ae5e488a78ad5.jpg
ข้าวคลุกกะปิ,คลุก,"ข้าวหุงสุก,กะปิ",ตั้งน้ำมันให้ร้อน ใส่กะปิลงไปผัดให้หอม|ใส่น้ำ ผัดให้เข้าเป็นเนื้อเดียวกัน|ใส่ข้าวลงผัด ใช้ไฟแรงผัดให้เข้ากัน|ตักข้าวขึ้นใส่จาน จัดเสิร์ฟกับ,https://img.wongnai.com/p/800x0/2018/09/15/b6d20d502232447e828ff66af8ab191d.jpg
หมี่ผัดกระเฉด,ผัด,,,
หมูผัดกระเทียมราดข้าว,ผัด,,,
ยำไก่ย่าง,ยำ,,,
ผัดไวไวขี้เมาไก่,ผัด,,,
ข้าวต้มไข่เค็มซีฟู้ด,ต้ม,,,
ข้าวแห้งทะเล,ลวก,,,
ข้าวไข่ข้นสามชั้นทอดคั่วพริกเกลือ,ทอด,,,
ยำวุ้นเส้นหมูยอ,ยำ,,,
ข้าวไก่อบ,อบ,,,
ยำเห็ดออรินจิกุ้งสด,ยำ,,,
เต้าหู้ทรงเครื่องคุณหนู,ผัด,,,
ต้มซุปเปอร์ปีกไก่,ต้ม,,,
ข้าวหน้าหมูปั้นเทอริยากิ,ผัด,,,
มักกะโรนีผัดกะเพราหมูกรอบ,ผัด,,,
ข้าวอบต้มยำกุ้ง,อบ,,,
ราดหน้ากะเพราทะเลเส้นกรอบ,ทอด,,,
ข้าวหน้าหมูอบน้ำผึ้ง,อบ,,,
ผัดวุ้นเส้น,ผัด,,,
หมูนึ่งมะนาว,นึ่ง,,,
ยำไข่ดาว,ยำ,,,
ต้มจืดฟัก,ต้ม,,,
ผัดสะตอไก่พริกแกงใต้,ผัด,,,
ข้าวหมูแดง,อบ,,,
ข้าวขาหมู,ต้ม,,,
พะโล้ขาหมูเผา,ตุ๋น,,,
สามชั้นพะโล้,ตุ๋น,,,
ต้มแซ่บซี่โครงหมู,ต้ม,,,
ไข่ลูกเขย,ทอด,,,
แกงเผ็ดกุ้ง,แกง,,,
แกงเผ็ดหมูสามชั้นมะเขือเปราะ,แกง,,,
ข้าวไข่ข้นกุ้งผัดพริกเกลือ,ทอด,,,
ขนมจีนแกงเผ็ดไก่,แกง,,,
ข้าวผัดหมูผัดกะปิ,ผัด,,,
ข้าวอกไก่ผัดขิง,ผัด,,,
มาม่าผัดฉ่าไข่เค็ม,ผัด,,,
ข้าวยำไก่แซ่บ,ยำ,,,
มาม่าผัดกะเพรา,ผัด,,,
มาม่าพะแนงเนื้อ,แกง,,,
ข้าวขยำหมู,คลุก,,,
คะน้าหมูกรอบ,ผัด,,,
ผัดผักบุ้งหมูกรอบ,ผัด,,,
ผัดผักบุ้ง,ผัด,,,
ผัดผักบุ้งหมูสับ,ผัด,,,
ผัดคะน้าหมูสับ,ผัด,,,
ผัดคะน้า,ผัด,,,
ผัดซีอิ๊ว,ผัด,,,
น้ำเงี้ยวปลากระป๋อง,ต้ม,,,
ยำปลากระป๋อง,ยำ,,,
น้ำพริกปลากระป๋อง,ตำ,,,
ยำไข่เค็ม,ยำ,,,
ยำหมูสามชั้น,ยำ,,,
สามชั้นผัดสะตอ,ผัด,,,
สะตอผัดกะปิกุ้งสด,ผัด,,,
คะน้าปลากระป๋อง,ผัด,,,
ไก่อบสมุนไพร,อบ,,,
กุ้งผัดผงกะหรี่,ผัด,,,
หมึกผัดผงกะหรี่,ผัด,,,
ปูผัดผงกะหรี่,ผัด,,,
หมูกรอบผัดผงกะหรี่,ผัด,,,
หมูชิ้นผัดผงกะหรี่,ผัด,,,
ไก่ผัดผงกะหรี่,ผัด,,,
หมึกทอดกระเทียม,ทอด,,,
หมูสับกระเทียมพริกไทย,ผัด,,,
ตับหมูกระเทียมพริกไทย,ผัด,,,
หมูกรอบผัดพริกเผา,ผัด,,,
กุ้งผัดพริกเผา,ผัด,,,
หมูผัดพริกหยวก,ผัด,,,
แกงเขียวหวานไก่,แกง,,,
แกงเขียวหวานขาหมูเผา,แกง,,,
หมูผัดเปรี้ยวหวาน,ผัด,"กระเทียม,หมู,สับปะรด,แตงกวา,หอมใหญ่,พริกฝรั่งเหลือง,มะเขือเทศ,ต้นหอม,ซอสมะเขือเทศ",เจียวกระเทียมสับในน้ำมันพืชจนหอม ใส่เนื้อหมูลงไปผัดจนเกือบสุก|จากนั้นใส่สับปะรด แตงกวา หอมใหญ่ พริกฝรั่งเหลือง ต้นหอม และมะเขือเทศลงไปผัดจนสุก|ปรุงรสด้วยซอสมะเขือเทศ น้ำตาลทราย และเกลือป่น ใส่น้ำเปล่าลงไปเล็กน้อย ผัดให้เข้ากัน ชิมรสตามชอบ ตักใส่จาน โรยต้นหอมซอยเล็กน้อย จัดเสิร์ฟ ,https://img.wongnai.com/p/1600x0/2017/06/26/a9df827734634b518f01153c9f8fb089.jpg
กุ้งผัดเปรี้ยวหวาน,ผัด,"กุ้งขาว,หอมใหญ่,มะเขือเทศ,แตงกวา,สับปะรด,พริกหวาน,พริกหวาน,พริกหวาน,ซอสมะเขือเทศ,ซอสพริก",นำกุ้ง ปอกเปลือกผ่าหลังล้างให้สะอาดใส่ตะกร้าพักให้สะเด็ดน้ำ|วิธีทำ..นำกระทะตั้งไฟปานกลาง ใส่น้ำมันใส่กระเทียมสับ|ใส่กุ้ง หอมใหญ่ มะเขือเทศ สับปะรด แตงกวา พริกหวาน สามสี |ปรุงรส  น้ำมันหอย ซอสมะเขือเทศ ซอสพริก น้ำตาล เกลือ เล็กน้อยใส่กุ้งที่ทอดแล้ว คลุกเคล้าให้เข้ากัน ตักใส่จาน จัดเสิร์ฟ กินคู่ ข้าวสวยร้อนๆ,https://cooking.teenee.com/side-dish/img5/914.jpg
ไก่กรอบผัดเปรี้ยวหวาน,ผัด,"ไก่หั่นชิ้น,แป้งอเนกประสงค์,หอมใหญ่ปอก,มะเขือเทศ,พริกหวาน,แตงร้าน,เห็ดหอม,ต้นหอม,กระเทียม,น้ำส้มสายชู",คลุกสันในไก่กับแป้งเอนกประสงค์บางๆ ให้ทั่ว ลงทอดในน้ำมันร้อนๆ จนสุก เหลืองสวย ตักขึ้นพักไว้|เทน้ำมันออกให้เหลือติดกะทะนิดหน่อย ใส่กระเทียมสับลงผัดจนหอม เหลือง ใส่หอมใหญ่ มะขือเทศสีดา เห็ดหอม พริกหวาน และแตงร้าน ลงผัด |ปรุงรสด้วย น้ำตาลทราย ซอสปรุงรส ซอสมะเขือเทศ และน้ำส้มสายชู ผัดให้เข้ากัน|ใส่ไก่ที่ทอดไว้แล้ว ต้นหอมหั่น แล้วผัดให้ข้ากันอีกครั้งนึง,https://www.bloggang.com/data/j/jitigan77/picture/1682265428.jpg
ไก่ผัดเม็ดมะม่วง,ผัด,"อกไก่,พริกหวาน,เม็ดมะม่วงหิมพานต์,ต้นหอม,แป้งทอดกรอบ,ซอสพริก,ซอสมะเขือเทศ,กระเทียมสับ",หมักอกไก่ด้วยซีอิ๊วขาวและแป้งทอดกรอบ ขยำให้ส่วนผสมทุกอย่างเข้ากัน แล้วพักไว้ |จากนั้นผสมซีอิ๊วขาว ซอสพริก ซอสมะเขือเทศ น้ำมันหอย น้ำตาลทรายให้เข้ากันแล้วพักไว้|ตั้งกระทะใส่น้ำมันท่วม ใช้ไฟอ่อนทอดเม็ดมะม่วงจนเหลือง แล้วตักขึ้น|จากนั้นทอดพริกแห้งแล้วให้กรอบ พักไว้|ทอดไก่ที่หมักให้เหลืองกรอบ แล้วพักไว้| รินน้ำมันออก ใช้กระทะใบเดิม ผัดพริกหวานและหอมใหญ่ให้สุก แล้วพักไว้|ตั้งกระทะใส่น้ำมัน นำกระเทียมลงไปผัดไฟอ่อนให้หอม |จากนั้นใส่เครื่องที่ทอดไว้ทั้งหมดลงไป เร่งไฟแรงใส่ซอสที่ผสมไว้ลงไปผัด |โรยต้นหอมหั่นท่อน ผัดให้ส่วนผสมเข้ากัน ตักขึ้นใส่จานเสิร์ฟ,https://th.bing.com/th/id/R.79614c80bf662d0c815458fc3d218e5e?rik=qANOawzxkIC4Kw&pid=ImgRaw&r=0
แกงส้มไข่ชะอมกุ้ง,แกง,"พริกแห้ง,หอมแดง,กระเทียม,กระชาย,กะปิ,เนื้อปลากะพงต้มสุก,กุ้งขาว,ชะอม,ผักกาดขาว,ไข่ไก่,พริกแกงส้ม,น้ำมะขามเปียก,น้ำตาลปี๊บ,มะนาว",เตรียมทำพริกแกงก่อนโดยการหั่นพริกแห้ง หอมแดง กระเทียม กระชาย เป็นชิ้นหยาบ ๆ เพื่อให้ตำได้สะดวก|จากนั้นโขลกพริกแห้งกับเกลือให้ละเอียด แล้วใส่กระชาย หอมแดง กระเทียมตามลงไปโขลกอีกที เมื่อละเอียดดีแล้ว ใส่กะปิและเนื้อปลากะพงสุกตำให้เป็นเนื้อเดียวกัน แล้วตักขึ้นพักไว้|ทำไข่ชะอมโดยตอกไข่ใส่ชาม ตีให้เข้ากัน แล้วใส่ใบชะอมลงไป ตีอีกครั้ง ตั้งกระทะไฟกลาง ใส่น้ำมัน รอจนน้ำมันร้อนได้ที่ แล้วเทไข่ลงไปทอด ทอดจนสุกทั้งสองด้าน นำขึ้นพักให้เย็น แล้วตัดเป็นชิ้นพอดีคำเตรียมไว้|ตั้งหม้อบนเตา ใส่น้ำเปล่าลงไป เปิดไฟแรง รอจนน้ำเดือด แล้วใส่พริกแกงส้มลงไป คนให้ละลายดี รอจนเดือดอีกครั้ง แล้วปรุงรสด้วยน้ำปลา น้ำมะขาม และน้ำตาลปี๊บ|ใส่กุ้งลงไป รอจนกุ้งสุกจึงใส่ผักกาดขาวหั่นชิ้น คนให้เข้ากันแล้วนำไข่ทอดชะอมที่หั่นเตรียมไว้ใส่ลงไป เมื่อกุ้งสุกจึงตักเสิร์ฟ พร้อมกินแล้ว,https://www.sgethai.com/wp-content/uploads/2022/11/16-700x391.jpg
ยำอกไก่,ยำ,,,
ลาบอกไก่,ลาบ,,,
ลาบอีสาน,ลาบ,,,
อกไก่นึ่งมะนาว,นึ่ง,,,
อกไก่ผัดเผ็ด,ผัด,,,
พะแนงหมู,แกง,,,
พะแนงไก่,แกง,,,
หมูหวานสามชั้น,ผัด,,,
น้ำพริกปลาทู,ตำ,,,
แตงกวาผัดไข่,ผัด,,,
ไข่พะโล้,ตุ๋น,,,
ไก่พะโล้,ตุ๋น,,,
ถั่วผัดพริกแกง,ผัด,,,
ยำไข่เยี่ยวม้า,ยำ,,,
ยำแตงกวาหมูยอ,ยำ,,,
ยำแหนมสด,ยำ,,,
ยำไข่ต้ม,ยำ,,,
ยำไข่ดาวกรอบ,ยำ,,,
ยำหมูยอไข่แดงเค็ม,ยำ,,,
ยำปลาหมึกไข่เค็ม,ยำ,,,
ยำกุ้งสดมะม่วงดิบ,ยำ,,,
ยำตะไคร้กุ้งสด,ยำ,,,
ยำผักบุ้งกรอบ,ทอด,,,
ยำหมูกรอบพริกแห้ง,ยำ,,,
ยำไข่เค็มปลาทู,ยำ,,,
ยำเต้าหู้ทอด,ยำ,,,
หลนเต้าเจี้ยว,หลน,"กะทิ,เต้าเจี้ยวขาว,กุ้ง,หมูสับ,หอมแดง,พริกชี้ฟ้า,น้ำตาลปี๊บ,น้ำมะขามเปียก",เคี่ยวกะทิให้แตกมัน|โขลกเต้าเจี้ยวกับหอมแดง  ใส่ลงในกะทิที่เคี่ยว ใส่กุ้งสับ และหมูสับลงไป ผัดให้พอสุก |ปรุงรสน้ำตาลปี๊บ น้ำมะขาม ชิมรส ถ้าไม่เค็มปรุงรสเพิ่มด้วยเกลือ|ใส่หอมซอยที่เหลือ พริกชี้ฟ้าแดง เหลือง คนให้เข้ากัน พอสุกยกขึ้น|ตักใส่ถ้วยจัดเสิร์ฟกับผักสดตามชอบ,https://img.wongnai.com/p/1600x0/2019/01/17/ca98cd8688ce4cbf85ead10286dd14a1.jpg
แกงเทโพ,แกง,"หมูสามชั้น,กะทิ,ผักบุ้งไทย,ใบมะกรูด,น้ำตาลปิ๊ป,น้ำมะขามเปียก,พริกแกงแดง",นำหมูสามชั้นลงผัดในหม้อ ให้น้ำมันหมูออกมา ผัดหมูให้สุกเหลือง|นำพริกแกงลงผัดในน้ำมันหมูสุกหอม|นำกะทิเทลงหม้อที่ผัดพริกแกงไว้ ทยอยใส่กะทิครั้งละประมาณ 300 กรัม|รอให้กะทิเดือด ฉีกใบมะกรูด ใส่ผักบุ้งไทยลงไป กดให้น้ำแกงท่วมผักบุ้ง|ใส่หมูสามชั้นที่ทอดไว้|ปรุงรสด้วย น้ำปลา น้ำตาลปี๊บ น้ำมะขามเปียก ชิมรส แล้วจัดเสิร์ฟ,https://img.wongnai.com/p/1600x0/2019/03/25/f8b7540f15a14f6eb3421a6730de71ec.jpg
แกงมัสมันไก่,แกง,,,
ต้มข่าไก่,ต้ม,"สะโพกไก่,เห็ดฟาง,หัวกะทิ,หางกะทิ,ข่าอ่อน,ตะไคร้,ใบมะกรูด,พริก,มะนาว",ขั้นตอนแรกของวิธีทําต้มข่าไก่คือ นำสะโพกไก่มาหั่นให้เป็นชิ้นขนาดพอดีคำ|นำหม้อขึ้นตั้งไฟแรง เทหัวกะทิลงใส่หม้อ|วิธีทําต้มข่าไก่ให้หอมคือการนำตะไคร้ ข่าอ่อน และใบมะกรูด และเกลือ ลงต้มในหัวกะทิ รอให้เดือด|นำเนื้อไก่ลงต้มในกะทิให้สุก |ปรุงรสตามชอบ ปิดไฟแล้วบีบมะนาวเล็กน้อย|แล้วตักเสิร์ฟ พร้อมข้าวร้อน ๆ ,https://img.wongnai.com/p/1600x0/2019/11/04/dcedcc6171064cf2819eadacf4760b2c.jpg
ผัดเผ็ดไก่,ผัด,,,
ผัดเผ็ดหมู,ผัด,,,
มัสมันเนื้อ,แกง,,,
แกงกะทิสายบัว,แกง,,,
ฉุ่ฉี่ปลา,แกง,,,
แกงฟักทอง,แกง,,,
แกงอ่อมหมู,แกง,,,
ไข่ตุ๋น,นึ่ง,,,
น้ำพริก่อง,ตำ,,,
น้พริกหนุ่ม,ตำ,,,
น้ำพริกมะเขือ,ตำ,,,
ผัดมะเขือยาว,ผัด,,,
ไก่ตุ๋นซอสมะเขือเทศ,ตุ๋น,,,
ซุปใสมะเขือเทศใส่ไข่,ต้ม,"มะเขือเทศเนื้อ,ไข่ไก่,ต้นหอมตามชอบ",ต้มน้ำเปล่ารอให้เดือด|หั่นมะเขือเทศ ให้เป็นชิ้นเล็กๆตามชอบ|เมื่อน้ำเดือดใส่มะเขือเทศ|ต้มจนมะเขือเทศนิ่ม|ตอกไข่ใส่ชามและปรุงรสลงไปในไข่ได้เลย|เมื่อน้ำเดือดเทไข่ลงไป อย่าเพิ่งคน แล้วไข่จะฟูน่าทานค่ะ|ปิดไฟโรยต้มหอม พร้อมเสริฟค่ะ,https://img.wongnai.com/p/1968x0/2018/06/10/06b10ae02f6a46878e11572cdea74ee2.jpg
สปาเกตตี้ซอสมะเขือเทศมินิค็อกเทล,ผัด,"เส้นสปาเกตตี้,มินิค็อกเทล,แครอท,หอมหัวใหญ่,ผักสลัด,ซอสมะเขือเทศ",ตั้งหม้อต้มน้ำให้เดือดใส่เกลือลงไป 1 ช้อนชา |จากนั้นเอาเส้นสปาเกตตี้ลงไปต้มจนเส้นสุกได้ทีกำลังดี |ตักเส้นสปาเกตตี้ออกมาแช่น้ำเย็น แล้วเอาเส้นมาพักไว้ราดน้ำมันพืชลงไปคลุกเส้นเล็กน้อยไม่ให้เส้นจับกันเป็นก้อน|จากนั้นนำมินิค็อกเทลมาลวกในน้ำร้อนพอสุกตักออกมาพักไว้|ตั้งกระทะเพื่อทำซอส พอกระทะเริ่มร้อนใส่ซอสมะเขือเทศลงไปผัดกับหอมหัวใหญ่และแครอทหั่นเต๋า เติมน้ำเล็กน้อยและปรุงรสด้วยซอสหอยนางรม เกลือ น้ำตาลทรายตามชอบ ผัดให้เข้ากัน|จากนั้นเอาเส้นสปาเกตตี้และมินิค็อกเทลลงไปผัดให้น้ำซอสเข้าในเส้น ชิมและปรุงรสเพิ่มเติมตามใจชอบ|จัดจานโดยเอาผักสลัดมารองจากนั้นตักเส้นสปาเกตตี้ลงในจาน ราดด้วยซอสมะเขือเทศและมินิค็อกเทล เท่านี้ก็เป็นอันเสร็จเรียบร้อบ พร้อมทานจ้า,https://img.wongnai.com/p/1968x0/2018/05/12/7a826743ffe54f139d5f2d1f4f00a125.jpg
มะเขือเทศผัดไข่สไตล์จีน,ผัด,"มะเขือเทศหั่นเสี้ยว,ไข่ไก่,มะเขือเทศเนื้อ,ไข่ไก่,ต้นหอมตามชอบ",ตั้งกระทะให้น้ำมันร้อน แต่ไม่ต้องร้อนจัด|ตอกไข่ไก่ใส่ชาม ตีให้เข้ากัน เทไข่ลงไปในกระทะ|ผัดไข่ให้เป็นไข่กวนเหลวๆ อย่าสุกมาก ตักขึ้นใส่ชามพักไว้ก่อน|ใส่น้ำมันลงในกระทะเล็กน้อย ผัดมะเขือเทศพอเข้ากัน|ปรุงรสด้วยเกลือและน้ำตาล สามารถเพิ่มลดปริมาณเกลือและน้ำตาลได้ตามชอบ|ผัดจนน้ำมะเขือเทศออกมา หรี่ไฟอ่อน|เทไข่ที่กวนไว้ตอนแรกลงไป|ปรุงรสด้วยผงปรุงรส|ผัดให้ทุกอย่างเข้ากันดี ลองชิมรสดู สามารถปรุงเพิ่มได้ก่อนตักขึ้น|โรยพริกไทยดำบดหรือพริกไทยขาวป่น ตกแต่งเล็กน้อยด้วยผักสีเขียวเพื่อความสวยงาม เสิร์ฟร้อนๆ กินกับข้าวสวย ,https://img.wongnai.com/p/1968x0/2019/05/29/5b598e1d7dc84f66967c813073b0190e.jpg
ผัดบล็อกโคลี่แครอท,ผัด,"บล็อกโคลี่,แครอท,กระเทียม",ตั้งกระทะไฟกลางตามด้วยน้ำมันพืช และกระเทียมลงไปผัดจนหอม|ตามด้วยบล็อกโคลี่และแครอท เติมน้ำให้พอดีผัก และเร่งเป็นไฟแรง ปล่อยให้ผักสุก ปริมาณน้ำจะลดลง|เมื่อผักสุก ปรุงรสด้วย น้ำตาลทราย ผงปรุงรส ซอสหอยนางรม และพริกไทบขาวป่น ชิมรสตามชอบ|ปิดไฟ พร้อมทาน,https://img.wongnai.com/p/1968x0/2022/09/18/6d26dcf54e5b47418ef80a62065b5dfa.jpg
ผัดกะหล่ำ,ผัด,,,
ผัดบล็อคคอลลี่,ผัด,,,
ตำข้าวโพด,ตำ,"ข้าวโพด,แครอท,กระเทียม,ถั่วฝักยาว,มะเขือเทศ,น้ำตาลปี๊บ",ตำกระเทียม พริก ถั่วฟักยาว มะเขือเทศ|ใส่มะละกอ ปรุงรส ตำคลุกกันให้ทั่ว และตักใส่จาน ,https://img.wongnai.com/p/1920x0/2016/03/30/115d1724bea847688c947dbc2c40d7f5.jpg
น้ำพริกปลาทู,ตำ,"เนื้อปลาทูทอด,พริกหยวก,พริกจินดาแดง,พริกชี้ฟ้าแดง,กระเทียม,หอมแดง,มะนาว,น้ำปลาร้า,น้ำตาลปี๊บ",นำกระทะมาตั้งไฟกลางกระเทียมนำขึ้นมาพักไว้|ปอกเปลือกพริกและหอมแดงที่ย่างแล้วให้หมดกระเทียมและหอมแดงเล็กน้อยตำให้เข้ากัน|ปรุงรสด้วยเกลือน้ำปลาและมะนาวเสิร์ฟพร้อมผักตามชอบ,https://img.wongnai.com/p/800x0/2024/02/02/b016edd346b447ada8ae8e12a7f05b32.jpg
น้ำพริกหนุ่ม,ตำ,"พริกหนุ่ม,พริกชี้ฟ้าเขียว,หอมแดง,กระเทียม,มะนาว",ตั้งกระทะใช้ไฟกลางกระเทียมและหอมแดงจนนิ่ม|นำพริกปรุงรสด้วยเกลือและน้ำมะนาว|ตักใส่ถ้วย เสิร์ฟพร้อมผักตามชอบ,https://img.wongnai.com/p/800x0/2024/01/06/d6280200ba544005a51dde90a47658fd.jpg
หมูนุ่มผัดพริกขิง,ผัด,"หมูชิ้น,น้ำพริกแกงเผ็ด,ขิง,น้ำตาลปี๊บ,ถั่วฝักยาว,ใบมะกรูดซอยฝอย,พริกชีฟ้าแดงซอย",โขลกน้ำพริกแกงเผ็ดกับขิงเข้าด้วยกัน|ใส่น้ำพริกแกงลงในกระทะเปิดไฟอ่อนผัดให้พอหอม|พอน้ำพริกแกงมีกลิ่นหอมแล้วผัดจนน้ำตาลปี๊บละลายเข้ากันดีกับน้ำพริกแกง|ใส่และเนื้อหมูสุก|ใส่ถั่วฝักยาวอ่านต่อได้ที่|เติมน้ำปลาแล้วผัดผสมให้เข้ากันและพริกชี้ฟ้าแดงซอย อ่านต่อได้ที่,https://img.wongnai.com/p/800x0/2023/12/08/c86b69d4ea0e409a87d8ad04c53b357c.jpg
ต้มยำหมูสับไข่น้ำ,ต้ม,"หมูสับ,พริกป่น,มะนาว,ถั่วลิสงคั่วบด,น้ำพริกเผา,กระเทียม,ผักชี",ในชามผสมตอกไข่ลงไปตีให้เข้ากัน|ตั้งกระทะไฟกลางทอดไข่จนสุก|เมื่อไข่เย็นลงแล้วๆนำกระเทียมลงไปผัดจนหอมผัดจนหมูสับเริ่มแห้งลง|เติมน้ำเปล่าลงไปน้ำตาลน้ำปลาคนให้เข้ากัน|เมื่อเข้ากันแล้วคนให้เข้ากันโรยด้วยต้นหอมและผักชีตามชอบ พร้อมเสิร์ฟ,https://img.wongnai.com/p/800x0/2023/10/14/4f077c08f3d041569dbfab0c9eaf2d36.jpg
หมึกผัดไข่เค็ม,ผัด,,,
น้ำพริกมันฝรั่ง,ตำ,"มันฝรั่ง,พริกขี้หนู,หอมแดง,กระเทียม",คั่วหอมแดงและกระเทียมให้สุกพักไว้|จากนั้นคั่วพริกขี้หนูให้สุกปอกเปลือกหั่นชิ้นเตรียมไว้|นำหอมแดงและพริกขี้หนูโขลกให้พอแหลก|จากนั้นใส่มันฝรั่งต้มลงไปโขลกจากนั้นโรยพริกขี้หนูก่อนจัดเสิร์ฟ,https://img.wongnai.com/p/800x0/2022/11/23/053d17156dfc4e41a2afa93e6e2d9675.jpg
น้ำพริกปลาต้ม,ตำ,,,
น้พำพริกปลาย่าง,ตำ,,,
น้ำพริกมะม่วงหิมพาน,ตำ,,,
น้ำพริกถั่ว,ตำ,,,
น้ำพริกหมูสับ,ตำ,"หมูสับ,พริกขี้หนูแห้ง,กระเทียม,หอมแดง",นำพริกขี้หนูแห้งและหอมแดงซอยและจนทุกอย่างสุกนิ่มดีจากนั้นใส่หมูสับลงไปตำให้เข้ากัน|ตั้งกระทะใส่น้ำมันให้พอร้อนปรุงรสชาติด้วยน้ำปลาผัดจนทุกอย่างเข้ากันจนสุกอ่านต่อได้ที่เสิร์ฟพร้อมไข่ต้มและผักต้มสำหรับกินเคียงตามชอบ,https://img.wongnai.com/p/800x0/2020/08/07/1be1f76d9b3b46e8929322b94eda6328.jpg
หมี่ผัดน้ำพริกหนุ่ม,ผัด,"แคบหมู,แครอท​,น้ำพริก​หนุ่ม,เส้นหมี่",นำน้ำพริกหนุ่มมาผัดกับน้ำมันให้หอม|ใส่แครอทลงไป|ใส่แคบหมูขยำขยำนิดหน่อย|นำเส้นหมี่ที่แช่น้ำไว้แล้วล่วงหน้ามาผัดรวมด้วยทีเดียวคลุกเคล้าให้เข้ากัน ,https://img.wongnai.com/p/1968x0/2019/08/24/68742693f3a148d6810eac41ada49e08.jpg
น้ำพริกลงเรือ,ตำ,"กะปิ,กระเทียม,พริกขี้หนู,มะอึกหั่นเส้น,มะดันสับละเอียด,กุ้งแห้ง,กระเทียม,มะนาว,น้ำตาลปี๊บ,หมูสามชั้นหั่น,หอม",โขลกกะปิย่างลงโขลกให้ละเอียดมะดันสับใส่น้ำตาลปี๊บให้ละลายสุกผัดให้พอแห้งตกแต่งด้วยไข่แดงเค็มให้สวยงาม,https://img.wongnai.com/p/800x0/2019/02/15/411a61bccb5f44b986e7e25bf8a78778.jpg
น้ำพริกไข่เค็ม,ตำ,"ไข่แดงเค็ม,กุ้งแห้ง,กระเทียม,กะปิ,มะนาว,น้ำตาลปี๊ป,พริกขี้หนูสวน,พริกชี้ฟ้า",นำกะปิห่อด้วยใบตองเตรียมไว้|นำพริกขี้หนูสวนและกระเทียมจากนั้นพริกชี้ฟ้าและกระเทียมให้ละเอียด|จากนั้นใส่กุ้งแห้งจากนั้นนำะกะปิน้ำปลาและน้ำมะนาว ,
มาม่าผัดปลากระป๋อง,ผัด,0,นำเส้นมาม่าไปลวกกับน้ำร้อน|ตั้งกระทะใส่น้ำมันลงไปผัดให้เข้ากัน|ใส่ไข่ไก่ลงไป|ใส่เครื่องปรุงตามชอบ ผัดให้เข้ากัน,
แกงผักกาด,แกง,,,
,,,,
,,,,
,,,,
,,,,
,,,,
,,,,
,,,,
,,,,
,,,,
,,,,
,,,,
,,,,
,,,,
,,,,
,,,,
,,,,
,,,,
,,,,
,,,,
,,,,
,,,,
,,,,
,,,,
,,,,
,,,,
,,,,
,,,,
,,,,
,,,,
,,,,
,,,,
,,,,
,,,,
,,,,
,,,,
,,,,
,,,,
,,,,
,,,,
,,,,
,,,,
,,,,
,,,,
,,,,
,,,,
,,,,
,,,,
,,,,
,,,,
,,,,
,,,,
,,,,
,,,,
,,,,
,,,,
,,,,
,,,,
,,,,
,,,,
,,,,
,,,,
,,,,
,,,,
,,,,
,,,,
,,,,
,,,,
,,,,
,,,,
,,,,
,,,,
,,,,
,,,,
,,,,
,,,,
,,,,
,,,,
,,,,
,,,,
,,,,
,,,,
,,,,
,,,,
,,,,
,,,,
,,,,
,,,,
,,,,
,,,,
,,,,
,,,,
,,,,
,,,,
,,,,
,,,,
,,,,
,,,,
,,,,
,,,,
,,,,
,,,,
,,,,
,,,,
,,,,
,,,,
,,,,
,,,,
,,,,
,,,,
,,,,
,,,,
,,,,
,,,,
,,,,
,,,,
,,,,
,,,,
,,,,
,,,,
,,,,
,,,,
,,,,
,,,,
,,,,
,,,,
,,,,
,,,,
,,,,
,,,,
,,,,
,,,,
,,,,
,,,,
,,,,
,,,,
,,,,
,,,,
,,,,
,,,,
,,,,
,,,,
,,,,
,,,,
,,,,
,,,,
,,,,
,,,,
,,,,
,,,,
,,,,
,,,,
,,,,
,,,,
,,,,
,,,,
,,,,
,,,,
,,,,
,,,,
,,,,
,,,,
,,,,
,,,,
,,,,
,,,,
,,,,
,,,,
,,,,
,,,,
,,,,
,,,,
,,,,
,,,,
,,,,
,,,,
,,,,
,,,,
,,,,
,,,,
,,,,
,,,,
,,,,
,,,,
,,,,
,,,,
,,,,
,,,,
,,,,
,,,,
,,,,
,,,,
,,,,
,,,,
,,,,
,,,,
,,,,
,,,,
,,,,
,,,,
,,,,
,,,,
,,,,
,,,,
,,,,
,,,,
,,,,
,,,,
,,,,
,,,,
,,,,
,,,,
,,,,
,,,,
,,,,
,,,,
,,,,
,,,,
,,,,
,,,,
,,,,
,,,,
,,,,
,,,,
,,,,
,,,,
,,,,
,,,,
,,,,
,,,,
,,,,
,,,,
,,,,
,,,,
,,,,
,,,,
,,,,
,,,,
,,,,
,,,,
,,,,
,,,,
,,,,
,,,,
,,,,
,,,,
,,,,
,,,,
,,,,
,,,,
,,,,
,,,,
,,,,
,,,,
,,,,
,,,,
,,,,
,,,,
,,,,
,,,,
,,,,
,,,,
,,,,
,,,,
,,,,
,,,,
,,,,
,,,,
,,,,
,,,,
,,,,
,,,,
,,,,
,,,,
,,,,
,,,,
,,,,
,,,,
,,,,
,,,,
,,,,
,,,,
,,,,
,,,,
,,,,
,,,,
,,,,
,,,,
,,,,
,,,,
,,,,
,,,,
,,,,
,,,,
,,,,
,,,,
,,,,
,,,,
,,,,
,,,,
,,,,
,,,,
,,,,
,,,,
,,,,
,,,,
,,,,
,,,,
,,,,
,,,,
,,,,
,,,,
,,,,
,,,,
,,,,
,,,,
,,,,
,,,,
,,,,
,,,,
,,,,
,,,,
,,,,
,,,,
,,,,
,,,,
,,,,
,,,,
,,,,
,,,,
,,,,
,,,,
,,,,
,,,,
,,,,
,,,,
,,,,
,,,,
,,,,
,,,,
,,,,
,,,,
,,,,
,,,,
,,,,
,,,,
,,,,
,,,,
,,,,
,,,,
,,,,
,,,,
,,,,
,,,,
,,,,
,,,,
,,,,
,,,,
,,,,
,,,,
,,,,
,,,,
,,,,
,,,,
,,,,
,,,,
,,,,
,,,,
,,,,
,,,,
,,,,
,,,,
,,,,
,,,,
,,,,
,,,,
,,,,
,,,,
,,,,
,,,,
,,,,
,,,,
,,,,
,,,,
,,,,
,,,,
,,,,
,,,,
,,,,
,,,,
,,,,
,,,,
,,,,
,,,,
,,,,
,,,,
,,,,
,,,,
,,,,
,,,,
,,,,
,,,,
,,,,
,,,,
,,,,
,,,,
,,,,
,,,,
,,,,
,,,,
,,,,
,,,,
,,,,
,,,,
,,,,
,,,,
,,,,
,,,,
,,,,
,,,,
,,,,
,,,,
,,,,
,,,,
,,,,
,,,,
,,,,
,,,,
,,,,
,,,,
,,,,
,,,,
,,,,
,,,,
,,,,
,,,,
,,,,
,,,,
,,,,
,,,,
,,,,
,,,,
,,,,
,,,,
,,,,
,,,,
,,,,
,,,,
,,,,
,,,,
,,,,
,,,,
,,,,
,,,,
,,,,
,,,,
,,,,
,,,,
,,,,
,,,,
,,,,
,,,,
,,,,
,,,,
,,,,
,,,,
,,,,
,,,,
,,,,
,,,,
,,,,
,,,,
,,,,
,,,,
,,,,
,,,,
,,,,
,,,,
,,,,
,,,,
,,,,
,,,,
,,,,
,,,,
,,,,
,,,,
,,,,
,,,,
,,,,
,,,,
,,,,
,,,,
,,,,
,,,,
,,,,
,,,,
,,,,
,,,,
,,,,
,,,,
,,,,
,,,,
,,,,
,,,,
,,,,
,,,,
,,,,
,,,,
,,,,
,,,,
,,,,
,,,,
,,,,
,,,,
,,,,
,,,,
,,,,
,,,,
,,,,
,,,,
,,,,
,,,,
,,,,
,,,,
,,,,
,,,,
,,,,
,,,,
,,,,
,,,,
,,,,
,,,,
,,,,
,,,,
,,,,
,,,,
,,,,
,,,,
,,,,
,,,,
,,,,
,,,,
,,,,
,,,,
,,,,
,,,,
,,,,
,,,,
,,,,
,,,,
,,,,
,,,,
,,,,
,,,,
,,,,
,,,,
,,,,
,,,,
,,,,
,,,,
,,,,
,,,,
,,,,
,,,,
,,,,
,,,,
,,,,
,,,,
,,,,
,,,,
,,,,
,,,,
,,,,
,,,,
,,,,
,,,,
,,,,
,,,,
,,,,
,,,,
,,,,
,,,,
,,,,
,,,,
,,,,
,,,,
,,,,
,,,,
,,,,
,,,,
,,,,
,,,,
,,,,
,,,,
,,,,
,,,,
,,,,
,,,,
,,,,
,,,,
,,,,
,,,,
,,,,
,,,,
,,,,
,,,,
,,,,
,,,,
,,,,
,,,,
,,,,
,,,,
,,,,
,,,,
,,,,
,,,,
,,,,
,,,,
,,,,
,,,,
,,,,
,,,,
,,,,
,,,,
,,,,
,,,,
,,,,
,,,,
,,,,
,,,,
,,,,
,,,,
,,,,
,,,,
,,,,
,,,,
,,,,
,,,,
,,,,
,,,,
,,,,
,,,,
,,,,
,,,,
,,,,
,,,,
,,,,
,,,,
,,,,
,,,,
,,,,
,,,,
,,,,
,,,,
,,,,
,,,,
,,,,
,,,,
,,,,
,,,,
,,,,
,,,,
,,,,
,,,,
,,,,
,,,,
,,,,
,,,,
,,,,
,,,,
,,,,
,,,,
,,,,
,,,,
,,,,
,,,,
,,,,
,,,,
,,,,
,,,,
,,,,
,,,,
,,,,
,,,,
,,,,
,,,,
,,,,
,,,,
,,,,
,,,,
,,,,
,,,,
,,,,
,,,,
,,,,
,,,,
,,,,
,,,,
,,,,
,,,,
,,,,
,,,,
,,,,
,,,,
,,,,
,,,,
,,,,
,,,,
,,,,
,,,,
,,,,
,,,,
,,,,
,,,,
,,,,
,,,,
,,,,
,,,,
,,,,
,,,,
,,,,
,,,,
,,,,
,,,,
,,,,
,,,,
,,,,
,,,,
,,,,
,,,,
,,,,
,,,,
,,,,
,,,,
,,,,
,,,,
,,,,
,,,,
,,,,
,,,,
,,,,
,,,,
,,,,
,,,,
,,,,
,,,,
,,,,
,,,,
,,,,
,,,,
,,,,
,,,,
,,,,
,,,,
,,,,
,,,,
,,,,
,,,,
,,,,
,,,,
,,,,
,,,,
,,,,
,,,,
,,,,
,,,,
,,,,
,,,,
,,,,
,,,,
